socks5://85.117.248.36:1080,ES,Unknown
socks5://82.223.151.29:1080,ES,Unknown
socks5://206.123.156.233:7731,ES,Unknown
socks5://206.123.156.230:11236,ES,Unknown
socks5://206.123.156.199:5560,ES,Unknown
socks5://206.123.156.229:6133,ES,Unknown
socks5://206.123.156.230:11197,ES,Unknown
socks5://206.123.156.229:16417,ES,Unknown
socks5://206.123.156.212:5477,ES,Unknown
socks4://141.105.107.152:5678,ES,Unknown
http://82.194.68.10:443,ES,Unknown
http://45.147.251.19:8443,ES,Unknown
http://217.12.21.132:443,ES,Unknown
http://213.96.140.33:443,ES,Unknown
http://88.24.132.40:443,ES,Unknown
http://84.14.24.113:443,ES,Unknown
http://166.0.9.70:9443,ES,Unknown
http://195.114.209.50:80,ES,
http://185.238.228.120:80,ES,
http://185.238.228.48:80,ES,
http://185.238.228.68:80,ES,
http://185.238.228.17:80,ES,
http://185.238.228.20:80,ES,
http://185.238.228.207:80,ES,
http://185.238.228.142:80,ES,
http://185.238.228.210:80,ES,