socks5://123.136.24.161:1080,BD,Unknown
socks5://103.189.218.76:6969,BD,Unknown
socks5://202.72.232.121:1080,BD,Unknown
socks5://115.127.53.114:1080,BD,Unknown
socks5://163.47.37.190:1080,BD,Unknown
socks5://202.4.117.136:12321,BD,Unknown
socks5://103.219.163.246:1080,BD,Unknown
socks5://115.127.0.158:1080,BD,Unknown
socks5://103.138.145.204:1999,BD,Unknown
socks5://103.243.82.38:8008,BD,Unknown
socks5://103.138.144.202:1999,BD,Unknown
socks5://103.138.145.228:1999,BD,Unknown
socks5://122.144.11.121:1080,BD,Unknown
socks5://101.2.166.41:1080,BD,Unknown
socks5://182.163.96.66:1080,BD,Unknown
socks5://103.9.185.33:1080,BD,Unknown
socks5://103.145.133.84:1080,BD,Unknown
socks5://206.123.156.229:7429,BD,Unknown
socks5://206.123.156.212:8130,BD,Unknown
socks4://202.40.179.18:4145,BD,Unknown
socks4://202.51.179.105:3629,BD,Unknown
socks4://203.188.245.98:52837,BD,Unknown
socks4://103.229.47.120:4153,BD,Unknown
socks4://103.29.61.243:4153,BD,Unknown
socks4://123.200.6.58:5678,BD,Unknown
socks4://45.115.115.37:9090,BD,Unknown
socks4://103.167.40.54:1080,BD,Unknown
socks4://115.127.182.38:6969,BD,Unknown
socks4://119.148.23.210:9990,BD,Unknown
socks4://121.200.60.122:4153,BD,Unknown
socks4://103.149.75.82:1080,BD,Unknown
socks4://103.81.104.53:9090,BD,Unknown
http://35.247.136.78:443,BD,Unknown
http://115.127.31.66:8080,BD,Dhaka
http://103.148.178.10:80,BD,Dhaka