socks5://43.161.217.219:1080,HK,Unknown
socks5://47.76.153.11:1011,HK,Unknown
socks5://185.243.241.82:1081,HK,Unknown
socks5://149.104.4.88:10809,HK,Unknown
socks5://154.194.251.24:1080,HK,Unknown
socks5://43.248.10.236:1080,HK,Unknown
socks5://206.123.156.230:6583,HK,Unknown
http://20.205.138.223:443,HK,Unknown
http://124.156.179.148:8443,HK,Unknown
http://43.154.249.2:443,HK,Unknown
http://47.240.174.176:8999,HK,Unknown
http://64.188.62.23:8888,HK,Unknown
http://119.28.24.235:3128,HK,Unknown
http://13.75.44.184:8443,HK,Unknown
http://8.218.179.111:443,HK,Unknown
http://202.85.53.25:443,HK,Unknown
http://221.126.247.53:22,HK,Unknown
http://156.225.88.93:443,HK,Unknown
http://8.218.120.144:9443,HK,Unknown
http://85.232.183.167:9443,HK,Unknown
http://43.128.5.85:443,HK,Unknown
http://156.226.179.92:443,HK,Unknown
http://38.147.184.26:443,HK,Unknown
http://112.119.43.57:80,HK,
http://47.56.110.204:8989,HK,Central
http://103.253.43.144:80,HK,
http://47.243.92.199:3128,HK,Hong Kong