socks5://62.60.149.161:1080,SE,Unknown
socks5://171.25.158.95:1080,SE,Unknown
socks5://138.124.26.19:1080,SE,Unknown
socks4://154.62.226.187:9051,SE,Unknown
socks4://147.45.76.207:8080,SE,Unknown
http://77.221.136.60:8443,SE,Unknown
http://43.208.134.144:44066,SE,Unknown
http://43.203.140.58:8132,SE,Unknown
http://18.163.33.4:20807,SE,Unknown
http://35.78.252.142:43485,SE,Unknown
http://15.161.131.175:7902,SE,Unknown
http://16.51.148.102:39568,SE,Unknown
http://56.68.116.64:8091,SE,Unknown
http://3.19.213.118:8302,SE,Unknown
http://185.146.173.20:80,SE,